MBLNR,BUDAT,WERKS,MATNR,MoveType,MENGE,DMBTR
5000000001,2025-12-20,4001,M002003,101,14.0,3.1
5000000002,2025-12-17,3001,M002004,261,186.0,140.9
5000000003,2025-12-17,4001,M002004,501,220.0,340.8
5000000004,2025-12-15,2001,M002003,101,129.0,23.0
5000000005,2025-12-12,1002,M001002,101,207.0,262.8
5000000006,2025-12-06,3001,M001003,261,229.0,362.3
5000000007,2025-12-17,5001,M001001,261,453.0,685.2
5000000008,2025-12-10,1001,M002003,101,141.0,83.0
5000000009,2025-12-23,5001,M003001,101,281.0,690.1
5000000010,2025-12-19,4001,M002004,601,333.0,547.2
5000000011,2025-12-07,5001,M002003,261,425.0,698.0
5000000012,2025-12-10,1002,M001003,261,85.0,206.6
5000000013,2025-12-16,2001,M002003,501,84.0,57.8
5000000014,2025-12-27,4001,M002003,261,77.0,2.8
5000000015,2025-12-21,5001,M002002,601,17.0,23.4
5000000016,2025-12-21,5001,M001002,261,139.0,46.7
5000000017,2025-12-07,2001,M001004,261,461.0,1074.9
5000000018,2025-12-17,4001,M003002,261,49.0,142.0
5000000019,2025-12-03,5001,M001001,501,258.0,254.6
5000000020,2025-12-14,5001,M003001,101,221.0,186.8
5000000021,2025-12-01,1002,M003002,501,36.0,25.7
5000000022,2025-12-14,3001,M001004,101,407.0,145.4
5000000023,2025-12-14,4001,M002002,261,127.0,105.2
5000000024,2025-12-04,3001,M001003,601,336.0,894.9
5000000025,2025-12-18,1001,M002002,261,342.0,851.7
5000000026,2025-12-20,5001,M001001,261,201.0,124.9
5000000027,2025-12-08,4001,M001001,261,353.0,909.9
5000000028,2025-12-25,4001,M003002,261,243.0,85.9
5000000029,2025-12-25,4001,M003001,501,380.0,146.6
5000000030,2025-12-21,4001,M002003,101,327.0,372.0
5000000031,2025-12-18,5001,M001004,101,49.0,61.1
5000000032,2025-12-14,5001,M001004,101,251.0,314.9
5000000033,2025-12-12,4001,M003002,101,330.0,49.7
5000000034,2025-12-06,1002,M002001,501,417.0,1087.9
5000000035,2025-12-22,1001,M003004,101,53.0,82.3
5000000036,2025-12-17,5001,M001002,501,352.0,646.5
5000000037,2025-12-18,4001,M002001,261,455.0,73.6
5000000038,2025-12-09,2001,M002003,101,134.0,46.6
5000000039,2025-12-24,1001,M002001,101,151.0,295.1
5000000040,2025-12-17,2001,M002002,101,95.0,214.6
5000000041,2025-12-04,5001,M001001,601,221.0,459.8
5000000042,2025-12-02,1001,M003001,261,68.0,109.1
5000000043,2025-12-28,1002,M001001,101,325.0,959.2
5000000044,2025-12-26,1001,M001002,501,478.0,413.1
5000000045,2025-12-21,1001,M003002,601,325.0,251.4
5000000046,2025-12-22,3001,M003002,261,384.0,1011.2
5000000047,2025-12-19,5001,M001002,261,11.0,22.0
5000000048,2025-12-26,1002,M003001,101,278.0,592.9
5000000049,2025-12-02,4001,M003002,501,176.0,72.7
5000000050,2025-12-10,1002,M003001,101,79.0,196.7
5000000051,2025-12-27,2001,M001001,261,416.0,1023.6
5000000052,2025-12-17,5001,M003003,261,154.0,192.1
5000000053,2025-12-18,3001,M003001,261,232.0,661.8
5000000054,2025-12-06,1001,M001001,261,184.0,375.9
5000000055,2025-12-02,1001,M002002,501,361.0,140.8
5000000056,2026-01-02,2001,M001004,261,398.0,1027.9
5000000057,2026-01-21,4001,M001004,601,177.0,457.7
5000000058,2026-01-17,1002,M003002,101,453.0,906.9
5000000059,2026-01-14,3001,M003003,261,190.0,294.0
5000000060,2026-01-03,1002,M003004,261,48.0,123.0
5000000061,2026-01-14,2001,M001004,261,33.0,44.0
5000000062,2026-01-21,4001,M002004,261,445.0,1164.6
5000000063,2026-01-15,4001,M003004,101,158.0,143.5
5000000064,2026-01-08,1001,M001001,101,112.0,217.4
5000000065,2026-01-22,2001,M002002,501,142.0,244.3
5000000066,2026-01-05,1002,M001004,501,417.0,320.1
5000000067,2026-01-10,3001,M003001,261,393.0,117.4
5000000068,2026-01-17,5001,M001004,261,283.0,98.9
5000000069,2026-01-07,2001,M002003,601,495.0,1037.3
5000000070,2026-01-13,1001,M002001,101,495.0,401.0
5000000071,2026-01-01,5001,M003004,261,52.0,51.6
5000000072,2026-01-27,2001,M003003,601,167.0,182.6
5000000073,2026-01-11,1002,M003003,261,253.0,404.3
5000000074,2026-01-09,2001,M001003,261,168.0,93.3
5000000075,2026-01-17,2001,M003001,261,240.0,561.0
5000000076,2026-01-26,3001,M002002,101,364.0,153.4
5000000077,2026-01-18,1002,M002004,101,35.0,56.7
5000000078,2026-01-21,3001,M001004,501,120.0,138.3
5000000079,2026-01-18,1002,M002003,261,272.0,191.9
5000000080,2026-01-20,1002,M001002,261,292.0,511.7
5000000081,2026-01-13,3001,M002002,261,157.0,362.2
5000000082,2026-01-17,1002,M001003,261,429.0,1004.2
5000000083,2026-01-13,1002,M001002,501,330.0,189.0
5000000084,2026-01-06,3001,M001003,261,228.0,542.7
5000000085,2026-01-12,1001,M002003,101,184.0,439.6
5000000086,2026-01-12,1001,M001003,501,287.0,663.2
5000000087,2026-01-05,1002,M003002,261,45.0,90.2
5000000088,2026-01-09,2001,M001004,101,202.0,28.7
5000000089,2026-01-13,2001,M002001,601,351.0,743.9
5000000090,2026-01-12,1002,M001001,101,387.0,309.6
5000000091,2026-01-05,1002,M001004,601,79.0,116.4
5000000092,2026-01-22,2001,M001004,261,488.0,1308.9
5000000093,2026-01-28,5001,M002003,601,479.0,1371.9
5000000094,2026-01-08,1002,M001004,101,285.0,166.6
5000000095,2026-01-27,2001,M001001,101,52.0,154.1
5000000096,2026-01-13,5001,M002003,601,250.0,219.2
5000000097,2026-01-02,1002,M001004,261,29.0,69.0
5000000098,2026-01-19,1001,M003001,501,309.0,170.5
5000000099,2026-01-12,1002,M002002,601,348.0,692.0
5000000100,2026-01-02,5001,M001001,601,419.0,80.9
5000000101,2026-01-08,1001,M001004,501,268.0,452.1
5000000102,2026-01-02,1002,M002003,261,496.0,246.5
5000000103,2026-01-16,3001,M003002,601,99.0,90.9
5000000104,2026-01-15,5001,M002004,601,309.0,181.6
5000000105,2026-01-21,4001,M003003,261,335.0,447.2
5000000106,2026-01-09,1002,M002004,261,356.0,400.2
5000000107,2026-01-15,3001,M003003,101,332.0,462.0
5000000108,2026-01-19,5001,M002001,101,370.0,1028.6
5000000109,2026-01-22,4001,M003001,101,273.0,49.9
5000000110,2026-01-01,3001,M002003,601,124.0,120.4
5000000111,2026-01-26,3001,M003001,601,69.0,73.0
5000000112,2026-01-05,1002,M003002,261,216.0,289.7
5000000113,2026-01-13,2001,M002004,261,298.0,248.3
5000000114,2026-01-08,1001,M002003,101,448.0,835.1
5000000115,2026-01-25,1002,M003004,101,423.0,765.4
5000000116,2026-01-20,4001,M002001,261,157.0,124.0
5000000117,2026-01-03,3001,M001004,261,155.0,140.2
5000000118,2026-01-24,4001,M001001,261,72.0,144.2
5000000119,2026-01-23,1002,M003002,101,287.0,182.2
5000000120,2026-01-18,4001,M001004,261,255.0,667.1
5000000121,2026-01-10,4001,M002002,101,57.0,127.8
5000000122,2026-01-24,5001,M002002,101,183.0,500.2
5000000123,2026-02-24,4001,M001001,101,267.0,572.1
5000000124,2026-02-05,1002,M002002,101,402.0,644.6
5000000125,2026-02-22,3001,M003001,261,233.0,452.9
5000000126,2026-02-20,1001,M002003,101,91.0,246.9
5000000127,2026-02-22,4001,M003002,101,249.0,295.7
5000000128,2026-02-10,5001,M001001,261,335.0,807.1
5000000129,2026-02-22,5001,M001001,261,211.0,617.7
5000000130,2026-02-08,5001,M001003,261,120.0,150.4
5000000131,2026-02-01,4001,M003004,101,248.0,720.5
5000000132,2026-02-09,1001,M002003,601,381.0,531.2
5000000133,2026-02-11,3001,M002002,601,381.0,871.6
5000000134,2026-02-15,4001,M001002,601,106.0,37.0
5000000135,2026-02-27,2001,M003001,261,149.0,257.1
5000000136,2026-02-04,2001,M001001,601,204.0,27.4
5000000137,2026-02-27,3001,M002002,261,256.0,335.4
5000000138,2026-02-04,4001,M002004,261,27.0,36.8
5000000139,2026-02-01,4001,M003002,501,199.0,426.5
5000000140,2026-02-06,3001,M002003,101,364.0,929.7
5000000141,2026-02-13,1001,M003001,501,120.0,305.1
5000000142,2026-02-06,5001,M003003,101,260.0,408.9
5000000143,2026-02-16,2001,M003004,101,407.0,285.6
5000000144,2026-02-16,3001,M003003,261,247.0,79.2
5000000145,2026-02-06,4001,M001001,261,76.0,190.3
5000000146,2026-02-12,1001,M001003,261,460.0,426.5
5000000147,2026-02-11,2001,M003003,261,194.0,251.8
5000000148,2026-02-06,3001,M001001,501,337.0,970.7
5000000149,2026-02-09,1001,M001004,101,411.0,52.6
5000000150,2026-02-27,1001,M002001,261,214.0,632.5
5000000151,2026-02-28,3001,M001003,261,434.0,259.7
5000000152,2026-02-20,1001,M001003,261,281.0,674.5
5000000153,2026-02-25,3001,M001004,261,236.0,134.7
5000000154,2026-02-13,4001,M002001,261,207.0,377.1
5000000155,2026-02-03,1002,M003002,261,381.0,213.9
5000000156,2026-02-06,4001,M003001,101,380.0,264.0
5000000157,2026-02-25,1001,M003002,101,33.0,78.1
5000000158,2026-02-04,3001,M003003,501,331.0,652.3
5000000159,2026-02-14,3001,M001002,261,350.0,1043.4
5000000160,2026-02-03,1002,M002004,261,64.0,50.6
5000000161,2026-02-18,1001,M001002,261,300.0,229.8
5000000162,2026-02-09,3001,M002001,261,244.0,316.5
5000000163,2026-02-12,5001,M001002,261,126.0,125.4
5000000164,2026-02-17,4001,M003004,261,389.0,67.5
5000000165,2026-02-02,3001,M003002,601,264.0,700.0
5000000166,2026-02-10,3001,M002004,261,456.0,793.5
5000000167,2026-02-19,4001,M001003,601,212.0,610.6
5000000168,2026-02-21,1001,M001001,261,366.0,722.0
5000000169,2026-02-20,1002,M002004,261,451.0,1235.8
5000000170,2026-02-23,3001,M003003,261,161.0,50.4
5000000171,2026-02-27,2001,M001001,101,292.0,256.2
5000000172,2026-02-01,3001,M003004,261,139.0,207.9
5000000173,2026-02-04,1002,M003004,261,44.0,39.0
5000000174,2026-02-15,3001,M001001,601,438.0,942.6
5000000175,2026-02-17,5001,M001002,501,247.0,113.4
5000000176,2026-02-02,2001,M003003,261,240.0,361.2
5000000177,2026-02-23,1002,M003001,261,221.0,226.5
5000000178,2026-02-20,5001,M001001,101,449.0,747.4
5000000179,2026-02-13,2001,M002001,261,339.0,897.0
5000000180,2026-02-07,4001,M002001,101,203.0,32.5
5000000181,2026-02-07,1001,M003003,501,183.0,386.8
5000000182,2026-02-21,4001,M003003,601,413.0,92.5
5000000183,2026-02-01,1001,M002002,261,154.0,25.6
5000000184,2026-02-23,3001,M002001,261,496.0,1064.2
5000000185,2026-02-11,3001,M002003,261,109.0,270.4
5000000186,2026-03-23,1002,M001001,261,415.0,610.5
5000000187,2026-03-12,2001,M001004,501,119.0,149.6
5000000188,2026-03-16,3001,M002001,261,198.0,360.8
5000000189,2026-03-12,2001,M002004,501,282.0,550.7
5000000190,2026-03-05,2001,M002002,261,166.0,448.6
5000000191,2026-03-16,1001,M002002,261,370.0,980.9
5000000192,2026-03-01,1002,M003001,261,218.0,607.7
5000000193,2026-03-07,2001,M001003,101,331.0,177.7
5000000194,2026-03-25,3001,M002003,601,170.0,101.8
5000000195,2026-03-18,1002,M001004,501,66.0,36.8
5000000196,2026-03-19,4001,M002003,261,115.0,152.3
5000000197,2026-03-01,4001,M002004,101,476.0,313.5
5000000198,2026-03-08,4001,M002002,261,488.0,843.6
5000000199,2026-03-21,4001,M001002,261,132.0,371.5
5000000200,2026-03-12,2001,M002003,501,312.0,75.3
5000000201,2026-03-27,2001,M003004,261,173.0,45.9
5000000202,2026-03-08,1001,M002004,101,104.0,156.0
5000000203,2026-03-24,2001,M003002,261,319.0,805.3
5000000204,2026-03-11,4001,M002004,261,40.0,42.0
5000000205,2026-03-02,1002,M003001,101,270.0,317.0
5000000206,2026-03-05,5001,M001001,261,252.0,100.1
5000000207,2026-03-25,1002,M001001,101,32.0,36.3
5000000208,2026-03-05,5001,M003002,261,28.0,36.2
5000000209,2026-03-26,4001,M002002,101,376.0,491.9
5000000210,2026-03-26,2001,M002002,601,303.0,825.1
5000000211,2026-03-26,4001,M002001,101,125.0,301.6
5000000212,2026-03-03,4001,M001001,261,484.0,643.7
5000000213,2026-03-12,2001,M002004,101,296.0,580.0
5000000214,2026-03-25,4001,M001003,101,354.0,388.0
5000000215,2026-03-28,5001,M003001,101,175.0,21.0
5000000216,2026-03-05,3001,M002001,101,327.0,36.4
5000000217,2026-03-27,3001,M001003,101,247.0,386.4
5000000218,2026-03-17,3001,M003003,261,348.0,141.7
5000000219,2026-03-15,4001,M002004,601,230.0,229.4
5000000220,2026-03-04,1002,M001004,261,36.0,76.7
5000000221,2026-03-27,2001,M003003,261,315.0,838.4
5000000222,2026-03-07,2001,M002001,261,225.0,42.4
5000000223,2026-03-16,2001,M003003,261,90.0,233.1
5000000224,2026-03-11,5001,M001004,261,247.0,531.5
5000000225,2026-03-12,5001,M002003,601,478.0,1068.4
5000000226,2026-03-23,4001,M001003,501,174.0,118.7
5000000227,2026-03-05,1002,M002004,261,478.0,424.4
5000000228,2026-03-12,2001,M003003,601,147.0,420.2
5000000229,2026-03-24,2001,M003004,261,338.0,967.1
5000000230,2026-03-01,2001,M002001,101,467.0,236.9
5000000231,2026-03-10,1001,M002004,261,257.0,48.3
5000000232,2026-03-18,5001,M003001,601,242.0,119.1
5000000233,2026-03-24,3001,M001004,601,455.0,1214.5
5000000234,2026-03-13,3001,M003003,261,237.0,78.6
5000000235,2026-03-03,5001,M003002,261,75.0,159.2
5000000236,2026-03-13,1002,M001001,501,74.0,81.5
5000000237,2026-03-03,1002,M003001,101,347.0,972.2
5000000238,2026-03-01,1001,M003001,101,497.0,1469.5
5000000239,2026-03-10,1002,M003003,261,375.0,788.6
5000000240,2026-03-17,4001,M003002,261,107.0,301.0
5000000241,2026-03-13,4001,M001001,261,296.0,681.6
5000000242,2026-03-27,2001,M003004,501,361.0,964.1
5000000243,2026-03-13,5001,M001001,101,152.0,234.9
5000000244,2026-03-23,1002,M002003,501,181.0,323.1
5000000245,2026-03-11,4001,M003002,101,50.0,44.8
5000000246,2026-03-08,4001,M003004,261,354.0,120.0
5000000247,2026-03-15,1001,M003001,261,370.0,636.8
5000000248,2026-03-28,5001,M002002,601,390.0,459.1
5000000249,2026-03-21,4001,M003004,601,162.0,459.2
5000000250,2026-03-07,2001,M003001,261,280.0,519.9
5000000251,2026-03-14,3001,M003004,261,249.0,41.4
5000000252,2026-03-18,2001,M003001,601,92.0,178.6
5000000253,2026-03-05,1002,M001003,261,346.0,285.6
5000000254,2026-03-16,4001,M001003,501,263.0,348.7
5000000255,2026-03-23,3001,M002001,101,138.0,62.0
5000000256,2026-03-03,1002,M002004,261,78.0,18.4
5000000257,2026-03-19,3001,M003001,261,317.0,612.9
5000000258,2026-03-17,1002,M003003,501,308.0,339.1
5000000259,2026-03-07,4001,M003001,261,485.0,766.1
5000000260,2026-03-19,5001,M003004,261,181.0,24.8
5000000261,2026-03-12,5001,M001002,261,69.0,173.2
5000000262,2026-03-08,5001,M001004,501,284.0,164.8
5000000263,2026-03-05,3001,M003001,101,397.0,236.9
5000000264,2026-03-12,5001,M001003,601,219.0,319.8
5000000265,2026-04-11,4001,M001001,501,397.0,679.5
5000000266,2026-04-03,3001,M001001,601,438.0,712.9
5000000267,2026-04-03,2001,M001004,101,224.0,411.2
5000000268,2026-04-06,5001,M003002,261,464.0,219.9
5000000269,2026-04-26,3001,M003003,101,418.0,562.1
5000000270,2026-04-24,2001,M002001,261,114.0,65.6
5000000271,2026-04-16,1001,M003001,261,387.0,708.3
5000000272,2026-04-18,1002,M001002,501,91.0,96.9
5000000273,2026-04-08,4001,M003001,101,115.0,108.5
5000000274,2026-04-15,2001,M002001,261,107.0,162.3
5000000275,2026-04-14,1001,M002004,101,205.0,472.3
5000000276,2026-04-27,1002,M003004,261,343.0,54.3
5000000277,2026-04-13,1002,M003003,261,35.0,50.3
5000000278,2026-04-14,1001,M003002,261,193.0,566.1
5000000279,2026-04-11,3001,M003004,501,29.0,14.0
5000000280,2026-04-07,4001,M003001,601,125.0,169.6
5000000281,2026-04-06,1001,M001001,101,173.0,166.5
5000000282,2026-04-23,1002,M003003,261,96.0,192.3
5000000283,2026-04-14,1002,M001002,601,476.0,8.2
5000000284,2026-04-20,5001,M002002,261,325.0,479.3
5000000285,2026-04-24,1002,M001003,261,153.0,346.5
5000000286,2026-04-11,1002,M001004,261,323.0,326.6
5000000287,2026-04-04,4001,M001002,601,326.0,162.1
5000000288,2026-04-02,3001,M001003,601,396.0,1039.1
5000000289,2026-04-24,1002,M003004,601,161.0,102.3
5000000290,2026-04-27,4001,M002001,261,475.0,734.8
5000000291,2026-04-21,4001,M002004,101,363.0,528.8
5000000292,2026-04-15,5001,M002004,261,377.0,788.5
5000000293,2026-04-04,1002,M002001,601,345.0,967.2
5000000294,2026-04-02,1001,M001004,261,220.0,426.1
5000000295,2026-04-10,3001,M002001,101,12.0,33.4
5000000296,2026-04-04,1001,M003003,101,423.0,307.3
5000000297,2026-04-25,5001,M002002,101,208.0,386.7
5000000298,2026-04-12,5001,M002002,101,88.0,123.2
5000000299,2026-04-14,4001,M003003,261,197.0,285.6
5000000300,2026-04-03,4001,M001001,601,454.0,369.4
5000000301,2026-04-10,2001,M003001,261,56.0,18.0
5000000302,2026-04-12,1001,M003004,101,374.0,1071.4
5000000303,2026-04-21,2001,M001004,261,393.0,998.9
5000000304,2026-04-18,4001,M001003,261,49.0,128.7
5000000305,2026-04-21,2001,M001003,101,267.0,551.4
5000000306,2026-04-01,4001,M003001,101,184.0,438.1
5000000307,2026-04-24,2001,M001004,261,325.0,881.9
5000000308,2026-04-27,1002,M001003,261,226.0,493.2
5000000309,2026-04-16,5001,M001001,501,303.0,541.7
5000000310,2026-04-22,2001,M003003,501,160.0,313.2
5000000311,2026-04-07,5001,M001001,101,403.0,485.3
5000000312,2026-04-14,5001,M003004,501,311.0,858.3
5000000313,2026-04-26,2001,M002003,601,96.0,246.9
5000000314,2026-04-03,1002,M002003,261,29.0,43.7
5000000315,2026-04-28,1002,M002004,261,60.0,17.7
5000000316,2026-04-15,5001,M002003,101,242.0,250.6
5000000317,2026-04-20,3001,M003004,261,228.0,491.6
5000000318,2026-04-17,1002,M003003,601,290.0,617.4
5000000319,2026-04-18,3001,M001002,101,273.0,291.3
5000000320,2026-04-10,1002,M001004,501,346.0,185.2
5000000321,2026-04-20,2001,M002004,501,387.0,612.3
5000000322,2026-04-24,1002,M002004,261,231.0,59.3
5000000323,2026-04-11,4001,M001002,261,230.0,652.4
5000000324,2026-04-23,3001,M002003,501,202.0,278.3
5000000325,2026-04-27,5001,M003002,101,113.0,80.3
5000000326,2026-04-08,5001,M002004,501,165.0,132.4
5000000327,2026-04-24,1002,M001002,101,267.0,105.9
5000000328,2026-04-22,2001,M001003,501,143.0,392.5
5000000329,2026-04-27,4001,M003004,101,219.0,203.2
5000000330,2026-04-24,3001,M003001,501,62.0,22.4
5000000331,2026-04-08,1002,M001004,261,41.0,102.6
5000000332,2026-04-05,1001,M003001,501,116.0,269.6
5000000333,2026-04-18,1001,M001001,261,127.0,120.6
5000000334,2026-04-14,4001,M002002,261,23.0,56.9
5000000335,2026-04-04,2001,M003002,261,369.0,669.0
5000000336,2026-04-04,3001,M002001,501,318.0,255.6
5000000337,2026-04-23,3001,M002001,101,384.0,544.1
5000000338,2026-04-15,4001,M003004,261,338.0,993.3
5000000339,2026-04-06,5001,M002002,261,310.0,560.7
5000000340,2026-04-23,5001,M001003,101,496.0,109.9
5000000341,2026-04-25,3001,M003002,601,321.0,659.7
5000000342,2026-04-06,4001,M002003,261,195.0,335.7
5000000343,2026-04-28,1001,M003002,261,169.0,441.8
5000000344,2026-04-16,4001,M003003,101,81.0,90.9
5000000345,2026-05-14,4001,M002002,501,483.0,666.0
5000000346,2026-05-02,3001,M001004,101,97.0,109.4
5000000347,2026-05-17,4001,M002002,261,22.0,47.7
5000000348,2026-05-09,4001,M001004,501,479.0,568.8
5000000349,2026-05-07,1002,M003004,601,346.0,870.3
5000000350,2026-05-19,1002,M003003,261,29.0,78.6
5000000351,2026-05-10,1002,M003002,261,500.0,510.1
5000000352,2026-05-19,3001,M002003,501,84.0,195.3
5000000353,2026-05-01,5001,M002004,261,270.0,380.9
5000000354,2026-05-27,1002,M002004,261,409.0,73.6
5000000355,2026-05-19,2001,M003003,601,120.0,325.2
5000000356,2026-05-20,1001,M002001,101,223.0,70.3
5000000357,2026-05-26,1002,M001003,261,289.0,562.9
5000000358,2026-05-25,1002,M001003,261,132.0,111.1
5000000359,2026-05-26,1001,M003004,601,401.0,685.5
5000000360,2026-05-17,3001,M001002,101,28.0,67.4
5000000361,2026-05-01,2001,M001002,601,319.0,536.9
5000000362,2026-05-10,3001,M002003,261,378.0,147.8
5000000363,2026-05-07,4001,M003001,101,448.0,539.3
5000000364,2026-05-21,1001,M001001,101,198.0,484.8
5000000365,2026-05-18,1002,M001004,261,404.0,34.6
5000000366,2026-05-03,3001,M001004,261,274.0,521.5
5000000367,2026-05-14,2001,M001001,501,365.0,285.7
5000000368,2026-05-02,5001,M001002,261,261.0,589.7
5000000369,2026-05-16,1001,M002002,101,453.0,688.2
5000000370,2026-05-20,2001,M003001,261,426.0,344.5
5000000371,2026-05-18,2001,M003002,261,71.0,86.1
5000000372,2026-05-15,1002,M002003,501,423.0,40.8
5000000373,2026-05-24,4001,M001003,261,229.0,666.4
5000000374,2026-05-22,2001,M001002,101,365.0,857.5
5000000375,2026-05-14,4001,M002004,261,115.0,263.5
5000000376,2026-05-04,5001,M002003,261,109.0,177.0
5000000377,2026-05-20,3001,M003004,261,341.0,557.1
5000000378,2026-05-22,3001,M001003,261,229.0,289.9
5000000379,2026-05-19,2001,M003003,261,284.0,15.4
5000000380,2026-05-03,2001,M002001,101,458.0,713.5
5000000381,2026-05-22,1001,M002004,101,313.0,596.4
5000000382,2026-05-23,1002,M003004,261,289.0,288.2
5000000383,2026-05-04,2001,M001002,261,471.0,782.7
5000000384,2026-05-21,2001,M002001,101,469.0,47.9
5000000385,2026-05-15,2001,M002002,261,22.0,57.2
5000000386,2026-05-25,1002,M001003,601,62.0,183.2
5000000387,2026-05-02,5001,M003001,261,95.0,130.5
5000000388,2026-05-13,5001,M002002,101,101.0,105.8
5000000389,2026-05-11,2001,M003004,501,427.0,498.8
5000000390,2026-05-09,4001,M002004,261,274.0,670.5
5000000391,2026-05-24,4001,M001004,261,347.0,1000.7
5000000392,2026-05-02,3001,M003002,101,311.0,827.1
5000000393,2026-05-03,3001,M002003,501,215.0,449.7
5000000394,2026-05-27,2001,M002004,261,280.0,76.6
5000000395,2026-05-19,1001,M002002,261,255.0,171.8
5000000396,2026-05-21,3001,M001003,501,53.0,68.1
5000000397,2026-05-16,1001,M003002,101,101.0,17.3
5000000398,2026-05-27,1001,M003002,501,166.0,103.9
5000000399,2026-05-26,1001,M003004,261,464.0,310.2
5000000400,2026-05-28,1002,M003001,101,34.0,34.6
5000000401,2026-05-04,4001,M001003,601,372.0,150.3
5000000402,2026-05-19,5001,M003003,501,194.0,387.1
5000000403,2026-05-22,1002,M003001,601,236.0,77.8
5000000404,2026-05-08,4001,M001002,261,443.0,1281.0
5000000405,2026-05-05,2001,M003003,501,103.0,44.1
5000000406,2026-05-15,2001,M002001,101,212.0,443.9
5000000407,2026-05-23,2001,M001002,601,297.0,202.3
5000000408,2026-05-23,4001,M001002,261,314.0,105.0
5000000409,2026-05-26,2001,M001001,601,51.0,94.2
5000000410,2026-05-10,1002,M001002,261,101.0,29.4
5000000411,2026-05-15,3001,M003004,261,346.0,823.5
5000000412,2026-05-03,3001,M001002,601,304.0,567.6
5000000413,2026-05-08,1002,M002002,101,353.0,520.5
5000000414,2026-05-24,2001,M002002,261,337.0,469.3
5000000415,2026-05-01,1001,M001004,101,315.0,471.4
5000000416,2026-05-25,5001,M001002,101,383.0,337.0
5000000417,2026-05-07,4001,M001004,101,149.0,54.3
5000000418,2026-05-24,4001,M002003,261,52.0,48.5
5000000419,2026-05-14,5001,M003003,261,314.0,516.4
5000000420,2026-05-02,2001,M002002,261,317.0,686.6
5000000421,2026-05-11,2001,M002003,101,484.0,1266.1
5000000422,2026-05-20,2001,M003004,101,120.0,237.1
5000000423,2026-05-07,5001,M001001,261,134.0,349.0
5000000424,2026-05-02,1002,M002004,501,123.0,93.8
